--
-- PostgreSQL database dump
--

-- Dumped from database version 16.1
-- Dumped by pg_dump version 16.1

-- Started on 2024-06-09 20:04:29

SET statement_timeout = 0;
SET lock_timeout = 0;
SET idle_in_transaction_session_timeout = 0;
SET client_encoding = 'UTF8';
SET standard_conforming_strings = on;
SELECT pg_catalog.set_config('search_path', '', false);
SET check_function_bodies = false;
SET xmloption = content;
SET client_min_messages = warning;
SET row_security = off;

SET default_tablespace = '';

SET default_table_access_method = heap;

--
-- TOC entry 237 (class 1259 OID 87781)
-- Name: admins; Type: TABLE; Schema: public; Owner: postgres
--

CREATE TABLE public.admins (
    id bigint NOT NULL,
    tg_id bigint NOT NULL
);


ALTER TABLE public.admins OWNER TO postgres;

--
-- TOC entry 241 (class 1259 OID 87801)
-- Name: admins_id_seq; Type: SEQUENCE; Schema: public; Owner: postgres
--

ALTER TABLE public.admins ALTER COLUMN id ADD GENERATED ALWAYS AS IDENTITY (
    SEQUENCE NAME public.admins_id_seq
    START WITH 1
    INCREMENT BY 1
    NO MINVALUE
    MAXVALUE 1000000
    CACHE 1
);


--
-- TOC entry 222 (class 1259 OID 87633)
-- Name: auth_group; Type: TABLE; Schema: public; Owner: postgres
--

CREATE TABLE public.auth_group (
    id integer NOT NULL,
    name character varying(150) NOT NULL
);


ALTER TABLE public.auth_group OWNER TO postgres;

--
-- TOC entry 221 (class 1259 OID 87632)
-- Name: auth_group_id_seq; Type: SEQUENCE; Schema: public; Owner: postgres
--

ALTER TABLE public.auth_group ALTER COLUMN id ADD GENERATED BY DEFAULT AS IDENTITY (
    SEQUENCE NAME public.auth_group_id_seq
    START WITH 1
    INCREMENT BY 1
    NO MINVALUE
    NO MAXVALUE
    CACHE 1
);


--
-- TOC entry 224 (class 1259 OID 87641)
-- Name: auth_group_permissions; Type: TABLE; Schema: public; Owner: postgres
--

CREATE TABLE public.auth_group_permissions (
    id bigint NOT NULL,
    group_id integer NOT NULL,
    permission_id integer NOT NULL
);


ALTER TABLE public.auth_group_permissions OWNER TO postgres;

--
-- TOC entry 223 (class 1259 OID 87640)
-- Name: auth_group_permissions_id_seq; Type: SEQUENCE; Schema: public; Owner: postgres
--

ALTER TABLE public.auth_group_permissions ALTER COLUMN id ADD GENERATED BY DEFAULT AS IDENTITY (
    SEQUENCE NAME public.auth_group_permissions_id_seq
    START WITH 1
    INCREMENT BY 1
    NO MINVALUE
    NO MAXVALUE
    CACHE 1
);


--
-- TOC entry 220 (class 1259 OID 87627)
-- Name: auth_permission; Type: TABLE; Schema: public; Owner: postgres
--

CREATE TABLE public.auth_permission (
    id integer NOT NULL,
    name character varying(255) NOT NULL,
    content_type_id integer NOT NULL,
    codename character varying(100) NOT NULL
);


ALTER TABLE public.auth_permission OWNER TO postgres;

--
-- TOC entry 219 (class 1259 OID 87626)
-- Name: auth_permission_id_seq; Type: SEQUENCE; Schema: public; Owner: postgres
--

ALTER TABLE public.auth_permission ALTER COLUMN id ADD GENERATED BY DEFAULT AS IDENTITY (
    SEQUENCE NAME public.auth_permission_id_seq
    START WITH 1
    INCREMENT BY 1
    NO MINVALUE
    NO MAXVALUE
    CACHE 1
);


--
-- TOC entry 226 (class 1259 OID 87647)
-- Name: auth_user; Type: TABLE; Schema: public; Owner: postgres
--

CREATE TABLE public.auth_user (
    id integer NOT NULL,
    password character varying(128) NOT NULL,
    last_login timestamp with time zone,
    is_superuser boolean NOT NULL,
    username character varying(150) NOT NULL,
    first_name character varying(150) NOT NULL,
    last_name character varying(150) NOT NULL,
    email character varying(254) NOT NULL,
    is_staff boolean NOT NULL,
    is_active boolean NOT NULL,
    date_joined timestamp with time zone NOT NULL
);


ALTER TABLE public.auth_user OWNER TO postgres;

--
-- TOC entry 228 (class 1259 OID 87655)
-- Name: auth_user_groups; Type: TABLE; Schema: public; Owner: postgres
--

CREATE TABLE public.auth_user_groups (
    id bigint NOT NULL,
    user_id integer NOT NULL,
    group_id integer NOT NULL
);


ALTER TABLE public.auth_user_groups OWNER TO postgres;

--
-- TOC entry 227 (class 1259 OID 87654)
-- Name: auth_user_groups_id_seq; Type: SEQUENCE; Schema: public; Owner: postgres
--

ALTER TABLE public.auth_user_groups ALTER COLUMN id ADD GENERATED BY DEFAULT AS IDENTITY (
    SEQUENCE NAME public.auth_user_groups_id_seq
    START WITH 1
    INCREMENT BY 1
    NO MINVALUE
    NO MAXVALUE
    CACHE 1
);


--
-- TOC entry 225 (class 1259 OID 87646)
-- Name: auth_user_id_seq; Type: SEQUENCE; Schema: public; Owner: postgres
--

ALTER TABLE public.auth_user ALTER COLUMN id ADD GENERATED BY DEFAULT AS IDENTITY (
    SEQUENCE NAME public.auth_user_id_seq
    START WITH 1
    INCREMENT BY 1
    NO MINVALUE
    NO MAXVALUE
    CACHE 1
);


--
-- TOC entry 230 (class 1259 OID 87661)
-- Name: auth_user_user_permissions; Type: TABLE; Schema: public; Owner: postgres
--

CREATE TABLE public.auth_user_user_permissions (
    id bigint NOT NULL,
    user_id integer NOT NULL,
    permission_id integer NOT NULL
);


ALTER TABLE public.auth_user_user_permissions OWNER TO postgres;

--
-- TOC entry 229 (class 1259 OID 87660)
-- Name: auth_user_user_permissions_id_seq; Type: SEQUENCE; Schema: public; Owner: postgres
--

ALTER TABLE public.auth_user_user_permissions ALTER COLUMN id ADD GENERATED BY DEFAULT AS IDENTITY (
    SEQUENCE NAME public.auth_user_user_permissions_id_seq
    START WITH 1
    INCREMENT BY 1
    NO MINVALUE
    NO MAXVALUE
    CACHE 1
);


--
-- TOC entry 232 (class 1259 OID 87719)
-- Name: django_admin_log; Type: TABLE; Schema: public; Owner: postgres
--

CREATE TABLE public.django_admin_log (
    id integer NOT NULL,
    action_time timestamp with time zone NOT NULL,
    object_id text,
    object_repr character varying(200) NOT NULL,
    action_flag smallint NOT NULL,
    change_message text NOT NULL,
    content_type_id integer,
    user_id integer NOT NULL,
    CONSTRAINT django_admin_log_action_flag_check CHECK ((action_flag >= 0))
);


ALTER TABLE public.django_admin_log OWNER TO postgres;

--
-- TOC entry 231 (class 1259 OID 87718)
-- Name: django_admin_log_id_seq; Type: SEQUENCE; Schema: public; Owner: postgres
--

ALTER TABLE public.django_admin_log ALTER COLUMN id ADD GENERATED BY DEFAULT AS IDENTITY (
    SEQUENCE NAME public.django_admin_log_id_seq
    START WITH 1
    INCREMENT BY 1
    NO MINVALUE
    NO MAXVALUE
    CACHE 1
);


--
-- TOC entry 218 (class 1259 OID 87619)
-- Name: django_content_type; Type: TABLE; Schema: public; Owner: postgres
--

CREATE TABLE public.django_content_type (
    id integer NOT NULL,
    app_label character varying(100) NOT NULL,
    model character varying(100) NOT NULL
);


ALTER TABLE public.django_content_type OWNER TO postgres;

--
-- TOC entry 217 (class 1259 OID 87618)
-- Name: django_content_type_id_seq; Type: SEQUENCE; Schema: public; Owner: postgres
--

ALTER TABLE public.django_content_type ALTER COLUMN id ADD GENERATED BY DEFAULT AS IDENTITY (
    SEQUENCE NAME public.django_content_type_id_seq
    START WITH 1
    INCREMENT BY 1
    NO MINVALUE
    NO MAXVALUE
    CACHE 1
);


--
-- TOC entry 216 (class 1259 OID 87611)
-- Name: django_migrations; Type: TABLE; Schema: public; Owner: postgres
--

CREATE TABLE public.django_migrations (
    id bigint NOT NULL,
    app character varying(255) NOT NULL,
    name character varying(255) NOT NULL,
    applied timestamp with time zone NOT NULL
);


ALTER TABLE public.django_migrations OWNER TO postgres;

--
-- TOC entry 215 (class 1259 OID 87610)
-- Name: django_migrations_id_seq; Type: SEQUENCE; Schema: public; Owner: postgres
--

ALTER TABLE public.django_migrations ALTER COLUMN id ADD GENERATED BY DEFAULT AS IDENTITY (
    SEQUENCE NAME public.django_migrations_id_seq
    START WITH 1
    INCREMENT BY 1
    NO MINVALUE
    NO MAXVALUE
    CACHE 1
);


--
-- TOC entry 235 (class 1259 OID 87755)
-- Name: django_session; Type: TABLE; Schema: public; Owner: postgres
--

CREATE TABLE public.django_session (
    session_key character varying(40) NOT NULL,
    session_data text NOT NULL,
    expire_date timestamp with time zone NOT NULL
);


ALTER TABLE public.django_session OWNER TO postgres;

--
-- TOC entry 234 (class 1259 OID 87748)
-- Name: draw_app_drawusers; Type: TABLE; Schema: public; Owner: postgres
--

CREATE TABLE public.draw_app_drawusers (
    id bigint NOT NULL,
    tg_id bigint NOT NULL,
    tg_name character varying(1024) NOT NULL,
    joined_to_chanel boolean NOT NULL,
    winner boolean NOT NULL
);


ALTER TABLE public.draw_app_drawusers OWNER TO postgres;

--
-- TOC entry 233 (class 1259 OID 87747)
-- Name: draw_app_drawusers_id_seq; Type: SEQUENCE; Schema: public; Owner: postgres
--

ALTER TABLE public.draw_app_drawusers ALTER COLUMN id ADD GENERATED BY DEFAULT AS IDENTITY (
    SEQUENCE NAME public.draw_app_drawusers_id_seq
    START WITH 1
    INCREMENT BY 1
    NO MINVALUE
    NO MAXVALUE
    CACHE 1
);


--
-- TOC entry 236 (class 1259 OID 87778)
-- Name: mailing; Type: TABLE; Schema: public; Owner: postgres
--

CREATE TABLE public.mailing (
    id bigint NOT NULL,
    admin_id bigint NOT NULL,
    text character varying(2048),
    photo character varying(512),
    "time" time without time zone,
    date date,
    status boolean DEFAULT false NOT NULL
);


ALTER TABLE public.mailing OWNER TO postgres;

--
-- TOC entry 240 (class 1259 OID 87798)
-- Name: mailing_id_seq; Type: SEQUENCE; Schema: public; Owner: postgres
--

ALTER TABLE public.mailing ALTER COLUMN id ADD GENERATED ALWAYS AS IDENTITY (
    SEQUENCE NAME public.mailing_id_seq
    START WITH 1
    INCREMENT BY 1
    NO MINVALUE
    MAXVALUE 100000
    CACHE 1
);


--
-- TOC entry 238 (class 1259 OID 87784)
-- Name: users; Type: TABLE; Schema: public; Owner: postgres
--

CREATE TABLE public.users (
    id bigint NOT NULL,
    tg_id bigint,
    nickname character varying(255),
    date_joined date,
    confirmed boolean DEFAULT false NOT NULL,
    is_block boolean DEFAULT false NOT NULL,
    channel_date_joined date
);


ALTER TABLE public.users OWNER TO postgres;

--
-- TOC entry 239 (class 1259 OID 87791)
-- Name: users_id_seq; Type: SEQUENCE; Schema: public; Owner: postgres
--

ALTER TABLE public.users ALTER COLUMN id ADD GENERATED ALWAYS AS IDENTITY (
    SEQUENCE NAME public.users_id_seq
    START WITH 1
    INCREMENT BY 1
    NO MINVALUE
    MAXVALUE 10000000
    CACHE 1
);


--
-- TOC entry 4931 (class 0 OID 87781)
-- Dependencies: 237
-- Data for Name: admins; Type: TABLE DATA; Schema: public; Owner: postgres
--

COPY public.admins (id, tg_id) FROM stdin;
\.


--
-- TOC entry 4916 (class 0 OID 87633)
-- Dependencies: 222
-- Data for Name: auth_group; Type: TABLE DATA; Schema: public; Owner: postgres
--

COPY public.auth_group (id, name) FROM stdin;
\.


--
-- TOC entry 4918 (class 0 OID 87641)
-- Dependencies: 224
-- Data for Name: auth_group_permissions; Type: TABLE DATA; Schema: public; Owner: postgres
--

COPY public.auth_group_permissions (id, group_id, permission_id) FROM stdin;
\.


--
-- TOC entry 4914 (class 0 OID 87627)
-- Dependencies: 220
-- Data for Name: auth_permission; Type: TABLE DATA; Schema: public; Owner: postgres
--

COPY public.auth_permission (id, name, content_type_id, codename) FROM stdin;
1	Can add draw users	1	add_drawusers
2	Can change draw users	1	change_drawusers
3	Can delete draw users	1	delete_drawusers
4	Can view draw users	1	view_drawusers
5	Can add log entry	2	add_logentry
6	Can change log entry	2	change_logentry
7	Can delete log entry	2	delete_logentry
8	Can view log entry	2	view_logentry
9	Can add permission	3	add_permission
10	Can change permission	3	change_permission
11	Can delete permission	3	delete_permission
12	Can view permission	3	view_permission
13	Can add group	4	add_group
14	Can change group	4	change_group
15	Can delete group	4	delete_group
16	Can view group	4	view_group
17	Can add user	5	add_user
18	Can change user	5	change_user
19	Can delete user	5	delete_user
20	Can view user	5	view_user
21	Can add content type	6	add_contenttype
22	Can change content type	6	change_contenttype
23	Can delete content type	6	delete_contenttype
24	Can view content type	6	view_contenttype
25	Can add session	7	add_session
26	Can change session	7	change_session
27	Can delete session	7	delete_session
28	Can view session	7	view_session
\.


--
-- TOC entry 4920 (class 0 OID 87647)
-- Dependencies: 226
-- Data for Name: auth_user; Type: TABLE DATA; Schema: public; Owner: postgres
--

COPY public.auth_user (id, password, last_login, is_superuser, username, first_name, last_name, email, is_staff, is_active, date_joined) FROM stdin;
1	pbkdf2_sha256$720000$TjoGSSYMa3xzXqIUqtG0qb$hEwiugzkzKF9XmNY0j4cAJrX/mrJyj2cJQKe0fzztys=	2024-05-27 10:27:13.050416+05	t	jojiiikol			skater886@mail.ru	t	t	2024-05-20 20:52:27.338871+05
\.


--
-- TOC entry 4922 (class 0 OID 87655)
-- Dependencies: 228
-- Data for Name: auth_user_groups; Type: TABLE DATA; Schema: public; Owner: postgres
--

COPY public.auth_user_groups (id, user_id, group_id) FROM stdin;
\.


--
-- TOC entry 4924 (class 0 OID 87661)
-- Dependencies: 230
-- Data for Name: auth_user_user_permissions; Type: TABLE DATA; Schema: public; Owner: postgres
--

COPY public.auth_user_user_permissions (id, user_id, permission_id) FROM stdin;
\.


--
-- TOC entry 4926 (class 0 OID 87719)
-- Dependencies: 232
-- Data for Name: django_admin_log; Type: TABLE DATA; Schema: public; Owner: postgres
--

COPY public.django_admin_log (id, action_time, object_id, object_repr, action_flag, change_message, content_type_id, user_id) FROM stdin;
1	2024-05-20 20:56:44.836989+05	1	DrawUsers object (1)	1	[{"added": {}}]	1	1
2	2024-05-20 21:40:01.324654+05	2	test2	1	[{"added": {}}]	1	1
3	2024-05-20 21:40:09.154819+05	3	test3	1	[{"added": {}}]	1	1
4	2024-05-20 21:40:25.960043+05	4	test4	1	[{"added": {}}]	1	1
5	2024-05-21 16:51:17.631825+05	5	jojiiikol	2	[{"changed": {"fields": ["Winner"]}}]	1	1
6	2024-05-21 16:51:21.642555+05	4	test4	2	[{"changed": {"fields": ["Winner"]}}]	1	1
7	2024-05-21 16:51:26.526115+05	2	test2	2	[{"changed": {"fields": ["Winner"]}}]	1	1
8	2024-05-21 16:51:31.129328+05	1	test	2	[{"changed": {"fields": ["Winner"]}}]	1	1
9	2024-05-25 01:37:08.457902+05	5	jojiiikol	2	[{"changed": {"fields": ["Winner"]}}]	1	1
10	2024-05-25 01:37:12.264768+05	4	test4	2	[{"changed": {"fields": ["Winner"]}}]	1	1
11	2024-05-25 02:10:54.809673+05	2	test2	2	[{"changed": {"fields": ["Winner"]}}]	1	1
12	2024-05-25 02:10:58.413161+05	1	test	2	[{"changed": {"fields": ["Winner"]}}]	1	1
13	2024-05-25 02:11:01.536713+05	5	jojiiikol	2	[{"changed": {"fields": ["Winner"]}}]	1	1
14	2024-05-25 02:11:05.049326+05	4	test4	2	[{"changed": {"fields": ["Winner"]}}]	1	1
15	2024-05-26 15:33:09.335305+05	5	jojiiikol	2	[{"changed": {"fields": ["Winner"]}}]	1	1
16	2024-05-26 15:33:14.056922+05	4	test4	2	[{"changed": {"fields": ["Winner"]}}]	1	1
17	2024-05-26 15:33:18.872758+05	2	test2	2	[{"changed": {"fields": ["Winner"]}}]	1	1
18	2024-05-26 15:33:22.320124+05	1	test	2	[{"changed": {"fields": ["Winner"]}}]	1	1
19	2024-05-26 15:44:11.167138+05	5	jojiiikol	2	[{"changed": {"fields": ["Winner"]}}]	1	1
20	2024-05-26 15:44:15.223367+05	4	test4	2	[{"changed": {"fields": ["Winner"]}}]	1	1
21	2024-05-26 15:44:18.996215+05	2	test2	2	[{"changed": {"fields": ["Winner"]}}]	1	1
22	2024-05-26 15:44:22.429526+05	1	test	2	[{"changed": {"fields": ["Winner"]}}]	1	1
23	2024-05-26 15:47:13.2824+05	5	jojiiikol	2	[{"changed": {"fields": ["Winner"]}}]	1	1
24	2024-05-26 15:47:18.079001+05	4	test4	2	[{"changed": {"fields": ["Winner"]}}]	1	1
25	2024-05-26 19:10:25.712694+05	5	jojiiikol	2	[{"changed": {"fields": ["Joined to chanel"]}}]	1	1
26	2024-05-26 19:10:33.236781+05	4	test4	2	[{"changed": {"fields": ["Joined to chanel", "Winner"]}}]	1	1
27	2024-05-26 19:10:37.323976+05	5	jojiiikol	2	[{"changed": {"fields": ["Winner"]}}]	1	1
28	2024-05-26 19:10:42.972827+05	2	test2	2	[{"changed": {"fields": ["Winner"]}}]	1	1
29	2024-05-26 19:10:49.341301+05	1	test	2	[{"changed": {"fields": ["Winner"]}}]	1	1
30	2024-05-26 19:31:52.518925+05	4	test4	2	[{"changed": {"fields": ["Winner"]}}]	1	1
31	2024-05-26 19:31:55.163753+05	3	test3	2	[]	1	1
32	2024-05-26 19:31:58.760081+05	4	test4	2	[{"changed": {"fields": ["Winner"]}}]	1	1
33	2024-05-26 19:32:02.59588+05	5	jojiiikol	2	[{"changed": {"fields": ["Winner"]}}]	1	1
34	2024-05-26 19:32:26.311472+05	2	test2	2	[{"changed": {"fields": ["Winner"]}}]	1	1
35	2024-05-26 19:32:40.824811+05	4	test4	2	[{"changed": {"fields": ["Joined to chanel"]}}]	1	1
36	2024-05-26 19:34:18.737659+05	5	jojiiikol	2	[{"changed": {"fields": ["Winner"]}}]	1	1
37	2024-05-26 19:34:22.7168+05	4	test4	2	[{"changed": {"fields": ["Winner"]}}]	1	1
38	2024-05-26 19:34:27.054552+05	2	test2	2	[{"changed": {"fields": ["Winner"]}}]	1	1
39	2024-05-26 19:34:30.734514+05	1	test	2	[{"changed": {"fields": ["Winner"]}}]	1	1
40	2024-05-26 19:35:46.772659+05	5	jojiiikol	2	[{"changed": {"fields": ["Winner"]}}]	1	1
41	2024-05-26 19:35:52.269956+05	4	test4	2	[{"changed": {"fields": ["Winner"]}}]	1	1
42	2024-05-26 19:35:55.732368+05	1	test	2	[{"changed": {"fields": ["Winner"]}}]	1	1
43	2024-05-26 19:46:03.65925+05	5	jojiiikol	2	[{"changed": {"fields": ["Winner"]}}]	1	1
44	2024-05-26 19:46:08.228728+05	4	test4	2	[{"changed": {"fields": ["Winner"]}}]	1	1
45	2024-05-26 19:49:56.085543+05	5	jojiiikol	2	[{"changed": {"fields": ["Winner"]}}]	1	1
46	2024-05-26 19:49:59.291942+05	4	test4	2	[{"changed": {"fields": ["Winner"]}}]	1	1
47	2024-05-26 19:50:06.435016+05	2	test2	2	[{"changed": {"fields": ["Winner"]}}]	1	1
48	2024-05-26 19:50:10.420209+05	1	test	2	[{"changed": {"fields": ["Winner"]}}]	1	1
49	2024-05-27 10:27:20.026458+05	5	jojiiikol	2	[{"changed": {"fields": ["Winner"]}}]	1	1
50	2024-05-27 10:27:23.977021+05	4	test4	2	[{"changed": {"fields": ["Winner"]}}]	1	1
51	2024-05-27 10:27:28.274283+05	1	test	2	[{"changed": {"fields": ["Winner"]}}]	1	1
52	2024-05-27 10:30:22.927509+05	5	jojiiikol	2	[{"changed": {"fields": ["Winner"]}}]	1	1
53	2024-05-27 10:38:29.974844+05	5	jojiiikol	2	[{"changed": {"fields": ["Winner"]}}]	1	1
54	2024-05-27 10:38:46.570294+05	2	test2	2	[{"changed": {"fields": ["Winner"]}}]	1	1
55	2024-05-27 10:38:51.198281+05	1	test	2	[{"changed": {"fields": ["Winner"]}}]	1	1
56	2024-05-27 10:38:54.874257+05	4	test4	2	[{"changed": {"fields": ["Winner"]}}]	1	1
57	2024-05-27 10:40:46.849415+05	5	jojiiikol	2	[{"changed": {"fields": ["Winner"]}}]	1	1
58	2024-05-27 10:40:50.91005+05	2	test2	2	[{"changed": {"fields": ["Winner"]}}]	1	1
59	2024-05-27 10:48:54.198774+05	4	test4	2	[{"changed": {"fields": ["Winner"]}}]	1	1
60	2024-05-27 10:48:58.352893+05	2	test2	2	[{"changed": {"fields": ["Winner"]}}]	1	1
61	2024-05-27 10:55:30.572388+05	5	jojiiikol	2	[{"changed": {"fields": ["Winner"]}}]	1	1
62	2024-05-27 10:55:35.409171+05	4	test4	2	[{"changed": {"fields": ["Winner"]}}]	1	1
63	2024-05-27 10:59:02.803818+05	5	jojiiikol	2	[{"changed": {"fields": ["Winner"]}}]	1	1
64	2024-05-27 10:59:06.115126+05	4	test4	2	[{"changed": {"fields": ["Winner"]}}]	1	1
65	2024-05-27 10:59:09.632977+05	2	test2	2	[{"changed": {"fields": ["Winner"]}}]	1	1
66	2024-05-27 10:59:11.235088+05	2	test2	2	[]	1	1
67	2024-05-27 11:01:32.670599+05	4	test4	2	[{"changed": {"fields": ["Winner"]}}]	1	1
68	2024-05-27 11:01:35.762424+05	2	test2	2	[{"changed": {"fields": ["Winner"]}}]	1	1
69	2024-05-27 11:01:39.962003+05	1	test	2	[{"changed": {"fields": ["Winner"]}}]	1	1
70	2024-05-27 11:02:40.091574+05	5	jojiiikol	2	[{"changed": {"fields": ["Winner"]}}]	1	1
71	2024-05-27 11:02:43.290114+05	4	test4	2	[{"changed": {"fields": ["Winner"]}}]	1	1
72	2024-05-27 11:02:47.240637+05	2	test2	2	[{"changed": {"fields": ["Winner"]}}]	1	1
73	2024-05-27 11:02:51.341573+05	1	test	2	[{"changed": {"fields": ["Winner"]}}]	1	1
74	2024-05-27 11:04:33.708555+05	5	jojiiikol	2	[{"changed": {"fields": ["Winner"]}}]	1	1
75	2024-05-27 11:04:37.188097+05	4	test4	2	[{"changed": {"fields": ["Winner"]}}]	1	1
76	2024-05-27 11:04:41.06625+05	2	test2	2	[{"changed": {"fields": ["Winner"]}}]	1	1
77	2024-05-27 11:04:44.456229+05	1	test	2	[{"changed": {"fields": ["Winner"]}}]	1	1
\.


--
-- TOC entry 4912 (class 0 OID 87619)
-- Dependencies: 218
-- Data for Name: django_content_type; Type: TABLE DATA; Schema: public; Owner: postgres
--

COPY public.django_content_type (id, app_label, model) FROM stdin;
1	draw_app	drawusers
2	admin	logentry
3	auth	permission
4	auth	group
5	auth	user
6	contenttypes	contenttype
7	sessions	session
\.


--
-- TOC entry 4910 (class 0 OID 87611)
-- Dependencies: 216
-- Data for Name: django_migrations; Type: TABLE DATA; Schema: public; Owner: postgres
--

COPY public.django_migrations (id, app, name, applied) FROM stdin;
1	contenttypes	0001_initial	2024-05-20 19:45:45.974275+05
2	auth	0001_initial	2024-05-20 19:45:46.047283+05
3	admin	0001_initial	2024-05-20 19:45:46.064274+05
4	admin	0002_logentry_remove_auto_add	2024-05-20 19:45:46.069282+05
5	admin	0003_logentry_add_action_flag_choices	2024-05-20 19:45:46.074281+05
6	contenttypes	0002_remove_content_type_name	2024-05-20 19:45:46.09528+05
7	auth	0002_alter_permission_name_max_length	2024-05-20 19:45:46.10128+05
8	auth	0003_alter_user_email_max_length	2024-05-20 19:45:46.106273+05
9	auth	0004_alter_user_username_opts	2024-05-20 19:45:46.11128+05
10	auth	0005_alter_user_last_login_null	2024-05-20 19:45:46.11528+05
11	auth	0006_require_contenttypes_0002	2024-05-20 19:45:46.116273+05
12	auth	0007_alter_validators_add_error_messages	2024-05-20 19:45:46.12028+05
13	auth	0008_alter_user_username_max_length	2024-05-20 19:45:46.130283+05
14	auth	0009_alter_user_last_name_max_length	2024-05-20 19:45:46.13528+05
15	auth	0010_alter_group_name_max_length	2024-05-20 19:45:46.141281+05
16	auth	0011_update_proxy_permissions	2024-05-20 19:45:46.14528+05
17	auth	0012_alter_user_first_name_max_length	2024-05-20 19:45:46.150282+05
18	draw_app	0001_initial	2024-05-20 19:45:46.158284+05
19	sessions	0001_initial	2024-05-20 19:45:46.168281+05
\.


--
-- TOC entry 4929 (class 0 OID 87755)
-- Dependencies: 235
-- Data for Name: django_session; Type: TABLE DATA; Schema: public; Owner: postgres
--

COPY public.django_session (session_key, session_data, expire_date) FROM stdin;
7b2noycehypaitf52kf0vv5cucgsxr7q	.eJxVjEEOwiAQRe_C2hAGaWFcuvcMZGBGqRpISrsy3l2bdKHb_977LxVpXUpcu8xxYnVSoA6_W6L8kLoBvlO9NZ1bXeYp6U3RO-360lie5939OyjUy7f2OXvAZF0QsngcQJCdZ75SxgDoyLuAnEicWDMKjsIGjR8EbGILpN4f6iI4EQ:1s95N9:y6RP4R1H9ntRNLaxWWUNv6NdS_mwcM9hT41fp63kjqs	2024-06-03 20:56:23.396099+05
3f4bwu7zqxqpw277x7jw570rimt6tm8l	.eJxVjEEOwiAQRe_C2hAGaWFcuvcMZGBGqRpISrsy3l2bdKHb_977LxVpXUpcu8xxYnVSoA6_W6L8kLoBvlO9NZ1bXeYp6U3RO-360lie5939OyjUy7f2OXvAZF0QsngcQJCdZ75SxgDoyLuAnEicWDMKjsIGjR8EbGILpN4f6iI4EQ:1s9638:xtKgxHgS8C3C1CBEvP3RGmR1rp2jxk3RIytmuKrne8U	2024-06-03 21:39:46.302132+05
276vhl1794br98hij1rzueq9c8a9je6l	.eJxVjEEOwiAQRe_C2hAGaWFcuvcMZGBGqRpISrsy3l2bdKHb_977LxVpXUpcu8xxYnVSoA6_W6L8kLoBvlO9NZ1bXeYp6U3RO-360lie5939OyjUy7f2OXvAZF0QsngcQJCdZ75SxgDoyLuAnEicWDMKjsIGjR8EbGILpN4f6iI4EQ:1sBSt7:b3iskAC9aAo6oQ91HqHNvI-mpHLeIp0srvMSzDdJ4y4	2024-06-10 10:27:13.052419+05
\.


--
-- TOC entry 4928 (class 0 OID 87748)
-- Dependencies: 234
-- Data for Name: draw_app_drawusers; Type: TABLE DATA; Schema: public; Owner: postgres
--

COPY public.draw_app_drawusers (id, tg_id, tg_name, joined_to_chanel, winner) FROM stdin;
\.


--
-- TOC entry 4930 (class 0 OID 87778)
-- Dependencies: 236
-- Data for Name: mailing; Type: TABLE DATA; Schema: public; Owner: postgres
--

COPY public.mailing (id, admin_id, text, photo, "time", date, status) FROM stdin;
\.


--
-- TOC entry 4932 (class 0 OID 87784)
-- Dependencies: 238
-- Data for Name: users; Type: TABLE DATA; Schema: public; Owner: postgres
--

COPY public.users (id, tg_id, nickname, date_joined, confirmed, is_block, channel_date_joined) FROM stdin;
\.


--
-- TOC entry 4941 (class 0 OID 0)
-- Dependencies: 241
-- Name: admins_id_seq; Type: SEQUENCE SET; Schema: public; Owner: postgres
--

SELECT pg_catalog.setval('public.admins_id_seq', 1, true);


--
-- TOC entry 4942 (class 0 OID 0)
-- Dependencies: 221
-- Name: auth_group_id_seq; Type: SEQUENCE SET; Schema: public; Owner: postgres
--

SELECT pg_catalog.setval('public.auth_group_id_seq', 1, false);


--
-- TOC entry 4943 (class 0 OID 0)
-- Dependencies: 223
-- Name: auth_group_permissions_id_seq; Type: SEQUENCE SET; Schema: public; Owner: postgres
--

SELECT pg_catalog.setval('public.auth_group_permissions_id_seq', 1, false);


--
-- TOC entry 4944 (class 0 OID 0)
-- Dependencies: 219
-- Name: auth_permission_id_seq; Type: SEQUENCE SET; Schema: public; Owner: postgres
--

SELECT pg_catalog.setval('public.auth_permission_id_seq', 28, true);


--
-- TOC entry 4945 (class 0 OID 0)
-- Dependencies: 227
-- Name: auth_user_groups_id_seq; Type: SEQUENCE SET; Schema: public; Owner: postgres
--

SELECT pg_catalog.setval('public.auth_user_groups_id_seq', 1, false);


--
-- TOC entry 4946 (class 0 OID 0)
-- Dependencies: 225
-- Name: auth_user_id_seq; Type: SEQUENCE SET; Schema: public; Owner: postgres
--

SELECT pg_catalog.setval('public.auth_user_id_seq', 1, true);


--
-- TOC entry 4947 (class 0 OID 0)
-- Dependencies: 229
-- Name: auth_user_user_permissions_id_seq; Type: SEQUENCE SET; Schema: public; Owner: postgres
--

SELECT pg_catalog.setval('public.auth_user_user_permissions_id_seq', 1, false);


--
-- TOC entry 4948 (class 0 OID 0)
-- Dependencies: 231
-- Name: django_admin_log_id_seq; Type: SEQUENCE SET; Schema: public; Owner: postgres
--

SELECT pg_catalog.setval('public.django_admin_log_id_seq', 77, true);


--
-- TOC entry 4949 (class 0 OID 0)
-- Dependencies: 217
-- Name: django_content_type_id_seq; Type: SEQUENCE SET; Schema: public; Owner: postgres
--

SELECT pg_catalog.setval('public.django_content_type_id_seq', 7, true);


--
-- TOC entry 4950 (class 0 OID 0)
-- Dependencies: 215
-- Name: django_migrations_id_seq; Type: SEQUENCE SET; Schema: public; Owner: postgres
--

SELECT pg_catalog.setval('public.django_migrations_id_seq', 19, true);


--
-- TOC entry 4951 (class 0 OID 0)
-- Dependencies: 233
-- Name: draw_app_drawusers_id_seq; Type: SEQUENCE SET; Schema: public; Owner: postgres
--

SELECT pg_catalog.setval('public.draw_app_drawusers_id_seq', 5, true);


--
-- TOC entry 4952 (class 0 OID 0)
-- Dependencies: 240
-- Name: mailing_id_seq; Type: SEQUENCE SET; Schema: public; Owner: postgres
--

SELECT pg_catalog.setval('public.mailing_id_seq', 1, true);


--
-- TOC entry 4953 (class 0 OID 0)
-- Dependencies: 239
-- Name: users_id_seq; Type: SEQUENCE SET; Schema: public; Owner: postgres
--

SELECT pg_catalog.setval('public.users_id_seq', 1, true);


--
-- TOC entry 4754 (class 2606 OID 87800)
-- Name: admins admins_pkey; Type: CONSTRAINT; Schema: public; Owner: postgres
--

ALTER TABLE ONLY public.admins
    ADD CONSTRAINT admins_pkey PRIMARY KEY (id);


--
-- TOC entry 4715 (class 2606 OID 87745)
-- Name: auth_group auth_group_name_key; Type: CONSTRAINT; Schema: public; Owner: postgres
--

ALTER TABLE ONLY public.auth_group
    ADD CONSTRAINT auth_group_name_key UNIQUE (name);


--
-- TOC entry 4720 (class 2606 OID 87676)
-- Name: auth_group_permissions auth_group_permissions_group_id_permission_id_0cd325b0_uniq; Type: CONSTRAINT; Schema: public; Owner: postgres
--

ALTER TABLE ONLY public.auth_group_permissions
    ADD CONSTRAINT auth_group_permissions_group_id_permission_id_0cd325b0_uniq UNIQUE (group_id, permission_id);


--
-- TOC entry 4723 (class 2606 OID 87645)
-- Name: auth_group_permissions auth_group_permissions_pkey; Type: CONSTRAINT; Schema: public; Owner: postgres
--

ALTER TABLE ONLY public.auth_group_permissions
    ADD CONSTRAINT auth_group_permissions_pkey PRIMARY KEY (id);


--
-- TOC entry 4717 (class 2606 OID 87637)
-- Name: auth_group auth_group_pkey; Type: CONSTRAINT; Schema: public; Owner: postgres
--

ALTER TABLE ONLY public.auth_group
    ADD CONSTRAINT auth_group_pkey PRIMARY KEY (id);


--
-- TOC entry 4710 (class 2606 OID 87667)
-- Name: auth_permission auth_permission_content_type_id_codename_01ab375a_uniq; Type: CONSTRAINT; Schema: public; Owner: postgres
--

ALTER TABLE ONLY public.auth_permission
    ADD CONSTRAINT auth_permission_content_type_id_codename_01ab375a_uniq UNIQUE (content_type_id, codename);


--
-- TOC entry 4712 (class 2606 OID 87631)
-- Name: auth_permission auth_permission_pkey; Type: CONSTRAINT; Schema: public; Owner: postgres
--

ALTER TABLE ONLY public.auth_permission
    ADD CONSTRAINT auth_permission_pkey PRIMARY KEY (id);


--
-- TOC entry 4731 (class 2606 OID 87659)
-- Name: auth_user_groups auth_user_groups_pkey; Type: CONSTRAINT; Schema: public; Owner: postgres
--

ALTER TABLE ONLY public.auth_user_groups
    ADD CONSTRAINT auth_user_groups_pkey PRIMARY KEY (id);


--
-- TOC entry 4734 (class 2606 OID 87691)
-- Name: auth_user_groups auth_user_groups_user_id_group_id_94350c0c_uniq; Type: CONSTRAINT; Schema: public; Owner: postgres
--

ALTER TABLE ONLY public.auth_user_groups
    ADD CONSTRAINT auth_user_groups_user_id_group_id_94350c0c_uniq UNIQUE (user_id, group_id);


--
-- TOC entry 4725 (class 2606 OID 87651)
-- Name: auth_user auth_user_pkey; Type: CONSTRAINT; Schema: public; Owner: postgres
--

ALTER TABLE ONLY public.auth_user
    ADD CONSTRAINT auth_user_pkey PRIMARY KEY (id);


--
-- TOC entry 4737 (class 2606 OID 87665)
-- Name: auth_user_user_permissions auth_user_user_permissions_pkey; Type: CONSTRAINT; Schema: public; Owner: postgres
--

ALTER TABLE ONLY public.auth_user_user_permissions
    ADD CONSTRAINT auth_user_user_permissions_pkey PRIMARY KEY (id);


--
-- TOC entry 4740 (class 2606 OID 87705)
-- Name: auth_user_user_permissions auth_user_user_permissions_user_id_permission_id_14a6b632_uniq; Type: CONSTRAINT; Schema: public; Owner: postgres
--

ALTER TABLE ONLY public.auth_user_user_permissions
    ADD CONSTRAINT auth_user_user_permissions_user_id_permission_id_14a6b632_uniq UNIQUE (user_id, permission_id);


--
-- TOC entry 4728 (class 2606 OID 87740)
-- Name: auth_user auth_user_username_key; Type: CONSTRAINT; Schema: public; Owner: postgres
--

ALTER TABLE ONLY public.auth_user
    ADD CONSTRAINT auth_user_username_key UNIQUE (username);


--
-- TOC entry 4743 (class 2606 OID 87726)
-- Name: django_admin_log django_admin_log_pkey; Type: CONSTRAINT; Schema: public; Owner: postgres
--

ALTER TABLE ONLY public.django_admin_log
    ADD CONSTRAINT django_admin_log_pkey PRIMARY KEY (id);


--
-- TOC entry 4705 (class 2606 OID 87625)
-- Name: django_content_type django_content_type_app_label_model_76bd3d3b_uniq; Type: CONSTRAINT; Schema: public; Owner: postgres
--

ALTER TABLE ONLY public.django_content_type
    ADD CONSTRAINT django_content_type_app_label_model_76bd3d3b_uniq UNIQUE (app_label, model);


--
-- TOC entry 4707 (class 2606 OID 87623)
-- Name: django_content_type django_content_type_pkey; Type: CONSTRAINT; Schema: public; Owner: postgres
--

ALTER TABLE ONLY public.django_content_type
    ADD CONSTRAINT django_content_type_pkey PRIMARY KEY (id);


--
-- TOC entry 4703 (class 2606 OID 87617)
-- Name: django_migrations django_migrations_pkey; Type: CONSTRAINT; Schema: public; Owner: postgres
--

ALTER TABLE ONLY public.django_migrations
    ADD CONSTRAINT django_migrations_pkey PRIMARY KEY (id);


--
-- TOC entry 4749 (class 2606 OID 87761)
-- Name: django_session django_session_pkey; Type: CONSTRAINT; Schema: public; Owner: postgres
--

ALTER TABLE ONLY public.django_session
    ADD CONSTRAINT django_session_pkey PRIMARY KEY (session_key);


--
-- TOC entry 4746 (class 2606 OID 87754)
-- Name: draw_app_drawusers draw_app_drawusers_pkey; Type: CONSTRAINT; Schema: public; Owner: postgres
--

ALTER TABLE ONLY public.draw_app_drawusers
    ADD CONSTRAINT draw_app_drawusers_pkey PRIMARY KEY (id);


--
-- TOC entry 4752 (class 2606 OID 87796)
-- Name: mailing mailing_pkey; Type: CONSTRAINT; Schema: public; Owner: postgres
--

ALTER TABLE ONLY public.mailing
    ADD CONSTRAINT mailing_pkey PRIMARY KEY (id);


--
-- TOC entry 4756 (class 2606 OID 87790)
-- Name: users users_pkey; Type: CONSTRAINT; Schema: public; Owner: postgres
--

ALTER TABLE ONLY public.users
    ADD CONSTRAINT users_pkey PRIMARY KEY (id);


--
-- TOC entry 4713 (class 1259 OID 87746)
-- Name: auth_group_name_a6ea08ec_like; Type: INDEX; Schema: public; Owner: postgres
--

CREATE INDEX auth_group_name_a6ea08ec_like ON public.auth_group USING btree (name varchar_pattern_ops);


--
-- TOC entry 4718 (class 1259 OID 87687)
-- Name: auth_group_permissions_group_id_b120cbf9; Type: INDEX; Schema: public; Owner: postgres
--

CREATE INDEX auth_group_permissions_group_id_b120cbf9 ON public.auth_group_permissions USING btree (group_id);


--
-- TOC entry 4721 (class 1259 OID 87688)
-- Name: auth_group_permissions_permission_id_84c5c92e; Type: INDEX; Schema: public; Owner: postgres
--

CREATE INDEX auth_group_permissions_permission_id_84c5c92e ON public.auth_group_permissions USING btree (permission_id);


--
-- TOC entry 4708 (class 1259 OID 87673)
-- Name: auth_permission_content_type_id_2f476e4b; Type: INDEX; Schema: public; Owner: postgres
--

CREATE INDEX auth_permission_content_type_id_2f476e4b ON public.auth_permission USING btree (content_type_id);


--
-- TOC entry 4729 (class 1259 OID 87703)
-- Name: auth_user_groups_group_id_97559544; Type: INDEX; Schema: public; Owner: postgres
--

CREATE INDEX auth_user_groups_group_id_97559544 ON public.auth_user_groups USING btree (group_id);


--
-- TOC entry 4732 (class 1259 OID 87702)
-- Name: auth_user_groups_user_id_6a12ed8b; Type: INDEX; Schema: public; Owner: postgres
--

CREATE INDEX auth_user_groups_user_id_6a12ed8b ON public.auth_user_groups USING btree (user_id);


--
-- TOC entry 4735 (class 1259 OID 87717)
-- Name: auth_user_user_permissions_permission_id_1fbb5f2c; Type: INDEX; Schema: public; Owner: postgres
--

CREATE INDEX auth_user_user_permissions_permission_id_1fbb5f2c ON public.auth_user_user_permissions USING btree (permission_id);


--
-- TOC entry 4738 (class 1259 OID 87716)
-- Name: auth_user_user_permissions_user_id_a95ead1b; Type: INDEX; Schema: public; Owner: postgres
--

CREATE INDEX auth_user_user_permissions_user_id_a95ead1b ON public.auth_user_user_permissions USING btree (user_id);


--
-- TOC entry 4726 (class 1259 OID 87741)
-- Name: auth_user_username_6821ab7c_like; Type: INDEX; Schema: public; Owner: postgres
--

CREATE INDEX auth_user_username_6821ab7c_like ON public.auth_user USING btree (username varchar_pattern_ops);


--
-- TOC entry 4741 (class 1259 OID 87737)
-- Name: django_admin_log_content_type_id_c4bce8eb; Type: INDEX; Schema: public; Owner: postgres
--

CREATE INDEX django_admin_log_content_type_id_c4bce8eb ON public.django_admin_log USING btree (content_type_id);


--
-- TOC entry 4744 (class 1259 OID 87738)
-- Name: django_admin_log_user_id_c564eba6; Type: INDEX; Schema: public; Owner: postgres
--

CREATE INDEX django_admin_log_user_id_c564eba6 ON public.django_admin_log USING btree (user_id);


--
-- TOC entry 4747 (class 1259 OID 87763)
-- Name: django_session_expire_date_a5c62663; Type: INDEX; Schema: public; Owner: postgres
--

CREATE INDEX django_session_expire_date_a5c62663 ON public.django_session USING btree (expire_date);


--
-- TOC entry 4750 (class 1259 OID 87762)
-- Name: django_session_session_key_c0390e0f_like; Type: INDEX; Schema: public; Owner: postgres
--

CREATE INDEX django_session_session_key_c0390e0f_like ON public.django_session USING btree (session_key varchar_pattern_ops);


--
-- TOC entry 4758 (class 2606 OID 87682)
-- Name: auth_group_permissions auth_group_permissio_permission_id_84c5c92e_fk_auth_perm; Type: FK CONSTRAINT; Schema: public; Owner: postgres
--

ALTER TABLE ONLY public.auth_group_permissions
    ADD CONSTRAINT auth_group_permissio_permission_id_84c5c92e_fk_auth_perm FOREIGN KEY (permission_id) REFERENCES public.auth_permission(id) DEFERRABLE INITIALLY DEFERRED;


--
-- TOC entry 4759 (class 2606 OID 87677)
-- Name: auth_group_permissions auth_group_permissions_group_id_b120cbf9_fk_auth_group_id; Type: FK CONSTRAINT; Schema: public; Owner: postgres
--

ALTER TABLE ONLY public.auth_group_permissions
    ADD CONSTRAINT auth_group_permissions_group_id_b120cbf9_fk_auth_group_id FOREIGN KEY (group_id) REFERENCES public.auth_group(id) DEFERRABLE INITIALLY DEFERRED;


--
-- TOC entry 4757 (class 2606 OID 87668)
-- Name: auth_permission auth_permission_content_type_id_2f476e4b_fk_django_co; Type: FK CONSTRAINT; Schema: public; Owner: postgres
--

ALTER TABLE ONLY public.auth_permission
    ADD CONSTRAINT auth_permission_content_type_id_2f476e4b_fk_django_co FOREIGN KEY (content_type_id) REFERENCES public.django_content_type(id) DEFERRABLE INITIALLY DEFERRED;


--
-- TOC entry 4760 (class 2606 OID 87697)
-- Name: auth_user_groups auth_user_groups_group_id_97559544_fk_auth_group_id; Type: FK CONSTRAINT; Schema: public; Owner: postgres
--

ALTER TABLE ONLY public.auth_user_groups
    ADD CONSTRAINT auth_user_groups_group_id_97559544_fk_auth_group_id FOREIGN KEY (group_id) REFERENCES public.auth_group(id) DEFERRABLE INITIALLY DEFERRED;


--
-- TOC entry 4761 (class 2606 OID 87692)
-- Name: auth_user_groups auth_user_groups_user_id_6a12ed8b_fk_auth_user_id; Type: FK CONSTRAINT; Schema: public; Owner: postgres
--

ALTER TABLE ONLY public.auth_user_groups
    ADD CONSTRAINT auth_user_groups_user_id_6a12ed8b_fk_auth_user_id FOREIGN KEY (user_id) REFERENCES public.auth_user(id) DEFERRABLE INITIALLY DEFERRED;


--
-- TOC entry 4762 (class 2606 OID 87711)
-- Name: auth_user_user_permissions auth_user_user_permi_permission_id_1fbb5f2c_fk_auth_perm; Type: FK CONSTRAINT; Schema: public; Owner: postgres
--

ALTER TABLE ONLY public.auth_user_user_permissions
    ADD CONSTRAINT auth_user_user_permi_permission_id_1fbb5f2c_fk_auth_perm FOREIGN KEY (permission_id) REFERENCES public.auth_permission(id) DEFERRABLE INITIALLY DEFERRED;


--
-- TOC entry 4763 (class 2606 OID 87706)
-- Name: auth_user_user_permissions auth_user_user_permissions_user_id_a95ead1b_fk_auth_user_id; Type: FK CONSTRAINT; Schema: public; Owner: postgres
--

ALTER TABLE ONLY public.auth_user_user_permissions
    ADD CONSTRAINT auth_user_user_permissions_user_id_a95ead1b_fk_auth_user_id FOREIGN KEY (user_id) REFERENCES public.auth_user(id) DEFERRABLE INITIALLY DEFERRED;


--
-- TOC entry 4764 (class 2606 OID 87727)
-- Name: django_admin_log django_admin_log_content_type_id_c4bce8eb_fk_django_co; Type: FK CONSTRAINT; Schema: public; Owner: postgres
--

ALTER TABLE ONLY public.django_admin_log
    ADD CONSTRAINT django_admin_log_content_type_id_c4bce8eb_fk_django_co FOREIGN KEY (content_type_id) REFERENCES public.django_content_type(id) DEFERRABLE INITIALLY DEFERRED;


--
-- TOC entry 4765 (class 2606 OID 87732)
-- Name: django_admin_log django_admin_log_user_id_c564eba6_fk_auth_user_id; Type: FK CONSTRAINT; Schema: public; Owner: postgres
--

ALTER TABLE ONLY public.django_admin_log
    ADD CONSTRAINT django_admin_log_user_id_c564eba6_fk_auth_user_id FOREIGN KEY (user_id) REFERENCES public.auth_user(id) DEFERRABLE INITIALLY DEFERRED;


-- Completed on 2024-06-09 20:04:30

--
-- PostgreSQL database dump complete
--

